"CalendarYear","SellerID","SellerName","UnitsSold","Revenue","Position"
"2021","613a9ccf-ca35-4560-a245-141bf01fa59f","Michelle Wells","23","347.6630","1"
"2021","6383ceb6-78d0-4f89-94a9-77979c814272","Bethany Garcia","22","597.6400","2"
"2021","596295c0-713e-4938-a0fd-d7ef45d869de","Amy Trevino","21","1614.8320","3"
"2021","dd9e39a7-ad93-468d-9a21-b0219fe45c33","Jason Long","21","704.7920","3"
"2021","6d17668c-44f0-4ec0-9faa-6d09c17a4ac9","Wendy Wilson","20","667.2160","4"
"2021","b7a5572b-6fc8-46b0-aa44-adf75031917f","Anthony Hull","19","414.0030","5"
"2021","bc3b33db-6c13-4097-85a8-04ad529636fb","Spencer Rojas","19","195.8100","5"
"2022","bdfd8575-76f1-42d6-bcb3-1d8347709f97","Erin Marquez","833","35503.3630","1"
"2022","8336d4f4-70bc-4159-a798-b448b10b0a7e","Jeanette Bryant","770","27866.7939","2"
"2022","6ca2f625-cb2a-458a-b02a-3e028099942a","Kenneth Vaughn","755","36909.2210","3"
"2022","33205363-4031-410d-999c-544ff7ce5429","Donald Roberts","739","31232.9331","4"
"2022","9d9eada7-e671-444d-b9a6-03bf34222232","Ashley Silva","707","47478.4449","5"
"2023","bdfd8575-76f1-42d6-bcb3-1d8347709f97","Erin Marquez","598","23309.2860","1"
"2023","b7a5572b-6fc8-46b0-aa44-adf75031917f","Anthony Hull","555","36454.4332","2"
"2023","b76f9d99-9e18-4cf3-a38d-4b200d13f34c","Alicia Porter","547","29384.1619","3"
"2023","7463196e-42f5-40aa-9a73-b98a684621b6","William Booth","533","29719.0923","4"
"2023","c4e4fad8-b1bd-4903-ab82-4311ea1d0e4b","Alexander Mullen","500","20785.7889","5"
