Age_Id,Age
Age_1,18
Age_2,19
Age_3,20
Age_4,21
Age_5,22
Age_6,23
Age_7,24
Age_8,25
Age_9,26
Age_10,27
Age_11,28
Age_12,29
Age_13,30
Age_14,31
Age_15,32
Age_16,33
Age_17,34
Age_18,35
Age_19,36
Age_20,37
Age_21,38
Age_22,39
Age_23,40
Age_24,41
Age_25,42
Age_26,43
Age_27,44
Age_28,45
Age_29,46
Age_30,47
Age_31,48
Age_32,49
Age_33,50
Age_34,51
Age_35,52
Age_36,53
Age_37,54
Age_38,55
Age_39,56
Age_40,57
Age_41,58
Age_42,59
Age_43,60
Age_44,61
Age_45,62
Age_46,63
Age_47,64
Age_48,65
Age_49,66
Age_50,67
Age_51,68
Age_52,69
Age_53,70
Age_54,71
Age_55,72
Age_56,73
Age_57,74
Age_58,75
Age_59,76
Age_60,77
Age_61,78
Age_62,79
Age_63,80
Age_64,81
Age_65,82
Age_66,83
Age_67,84
Age_68,85
Age_69,86
Age_70,87
Age_71,88
Age_72,89
Age_73,90
Age_74,91
Age_75,92
Age_76,93
Age_77,94
Age_78,95