location_id,unit,street,postcode,suburb,state,type,status,region
013905816c4aeede,55,NEW SOUTH WALES CRESCENT,1007,SYDNEY,NSW,Private,Updated 25-Mar-2020 SA3,R1
02e302125cc865aa,UNIT 6,NEWCASTLE STREET,1100,SYDNEY,NSW,Business,Updated 25-Mar-2020 SA3,R1
06fa80bfd8d6187f,UNIT 6,STEELE STREET,1127,SYDNEY,NSW,Business,Updated 25-Mar-2020 SA3,R1
0de80c641cfe3fa3,157,VALMAY AVENUE,1226,QUEEN VICTORIA BUILDING,NSW,Private,Updated 25-Jan-2020,R1
0e922675d9232ba9,63,O'Doherty Circuit,2161,GUILDFORD WEST,NSW,Business,Updated 6-Feb-2020,R1
0efacbe01234263d,5,Ruahine Street,2161,OLD GUILDFORD,NSW,Business,Updated 6-Feb-2020,R1
13784905154eed7c,7,DARLING STREET,2166,CANLEY HEIGHTS,NSW,Business,Updated 6-Feb-2020,R1
18200ad4327b3b15,15,FLEMINGTON ROAD,2168,BUSBY,NSW,Business,Updated 6-Feb-2020,R1
1fbc21a68cee1346,151,ANZAC PARK,2217,RAMSGATE BEACH,NSW,Business,Updated 6-Feb-2020,R1
200cfd2a6d027157,UNIT 17,MARANOA ROAD,2330,BIG RIDGE,NSW,Business,Updated 6-Feb-2020,R3
204e63fb4fbb1697,1,GARA COURT,2330,BOWMANS CREEK,NSW,Business,Updated 6-Feb-2020,R3
2197c7204682e984,480,GRAZIER LANE,2340,NEMINGHA,NSW,Business,Updated 6-Feb-2020,R3
2877cd47a16ecb2f,45,Old Taupo Road,2346,MANILLA,NSW,Business,Updated 6-Feb-2020,R3
2d0bfe107de5c004,123,EDINBURGH AVENUE,2360,AUBURN VALE,NSW,Business,Updated 6-Feb-2020,R3
2d6321e94526fa4a,FLAT 17,REGENT STREET,2429,KILLAWARRA,NSW,Business,Updated 6-Feb-2020,R3
2e4d77cf5ba677b3,18,Ruapehu Road,2430,CUNDLETOWN,NSW,Business,Updated 6-Feb-2020,R3
2ef88b762db5e9bd,2,Armagh Street,2440,HICKEYS CREEK,NSW,Business,Updated 6-Feb-2020,R3
369452ed2165e64c,UNIT 5,GEORGE STREET,2446,KINDEE,NSW,Business,Updated 6-Feb-2020,R3
3778bce54af09eda,49,NEW SOUTH WALES CRESCENT,2450,COFFS HARBOUR,NSW,Business,Updated 6-Feb-2020,R3
3be2b29f4732fe56,FLAT 1,PATRICK STREET,2460,HALFWAY CREEK,NSW,Business,Updated 6-Feb-2020,R3
3c99e2cd5e0c6339,UNIT 5,BALMORAL STREET,2712,BOOMANOOMANA,NSW,Private,Updated 6-Feb-2020,R3
3f7b0e070d9aa87b,63,BOUNDARY STREET,2756,PITT TOWN,NSW,Business,Updated 6-Feb-2020,R3
4576778aeb02152f,2,Skilling Place,2762,TALLAWONG,NSW,Business,Updated 3-Dec-2022,R1
45abe496f9068fe2,15,ELOUERA STREET,3042,KEILOR PARK,VIC,Business,Updated 6-Feb-2020,R1
465a12a53f7a3c35,106,GRAZIER LANE,3081,HEIDELBERG RGH,VIC,Business,Updated 6-Feb-2020,R1
4aacbea366a401b9,286,GRAZIER LANE,3099,ARTHURS CREEK,VIC,Business,Updated 6-Feb-2020,R3
4f6db10e82f676d6,68,WHITE STREET,3130,LABURNUM,VIC,Business,Updated 6-Feb-2020,R1
50db2a38bbdda419,2402,Parkside Circuit,3170,WAVERLEY GARDENS,VIC,Business,Updated 6-Feb-2020,R1
53c2090d7e214955,18,Salisbury Street,3216,GROVEDALE,VIC,Private,Updated 6-Feb-2020,R2
53fa7ef506030b51,50,Salisbury Street,3239,GELLIBRAND,VIC,Business,Updated 6-Feb-2020,R3
54b79dc0027f573d,UNIT 4,PATERSON STREET,3243,GERANGAMETE,VIC,Business,Updated 6-Feb-2020,R3
57cd4fc4ee7f88df,1,Winlock Circuit,3393,CRYMELON,VIC,Business,Updated 6-Feb-2020,R3
588808b83e85bbe6,6,BROOKES STREET,3401,ST HELENS PLAINS,VIC,Business,Updated 6-Feb-2020,R3
58bdc4205f15faf5,1,LAKE ALBERT ROAD,3427,DIGGERS REST,VIC,Business,Updated 6-Feb-2020,R1
5bb57468a7393727,20,O'Doherty Circuit,3444,PIPERS CREEK,VIC,Business,Updated 6-Feb-2020,R3
5bb6b40e207c28a6,19,CLARE BURTON CRESCENT,3458,BLACKWOOD,VIC,Business,Updated 6-Feb-2020,R3
5eca19e5c36eac20,10,GOODWIN STREET,3622,KOYUGA,VIC,Business,Updated 6-Feb-2020,R3
5efb11bac8ff8100,46,COCOS AVENUE,3634,KATANDRA WEST,VIC,Business,Updated 6-Feb-2020,R3
62f74573d3b8ec69,7,WOLBAH CLOSE,3659,SUGARLOAF CREEK,VIC,Business,Updated 6-Feb-2020,R3
638b49fa6a59aeca,11,Waipa Street,3665,PRANJIP,VIC,Private,Updated 6-Feb-2020,R3
69d3a475ffe0f299,7,ALBERT STREET,3741,SMOKO,VIC,Business,Updated 6-Feb-2020,R3
71e1e4c828e3be99,FLAT 3,CHURCHILL AVENUE,3747,WOOLSHED,VIC,Business,Updated 6-Feb-2020,R3
72228802e44e0e39,68,Ahuru Place,3757,EDEN PARK,VIC,Business,Updated 6-Feb-2020,R3
73e25cc87ece81f0,53,SERVICE STREET,3795,SILVAN,VIC,Business,Updated 6-Feb-2020,R3
77f3bad50aa4209e,35,TOMLEY STREET,3809,OFFICER,VIC,Business,Updated 6-Feb-2020,R3
7ae01559b2aeacea,8,Parkside Circuit,3825,CARINGAL,VIC,Business,Updated 6-Feb-2020,R3
7b19826c951754fb,46,NELSON STREET,3898,HINNOMUNJIE,VIC,Business,Updated 6-Feb-2020,R3
7decb60937a0db76,UNIT 2,ANDROS PLACE,3922,SUMMERLANDS,VIC,Business,Updated 6-Feb-2020,R3
8253c19e6d2f5c71,UNIT 5,CURRAWONG PLACE,3940,CAPEL SOUND,VIC,Business,Updated 6-Feb-2020,R3
82df4030aab6778f,45,KENTS ROAD,3953,MOUNT ECCLES,VIC,Business,Updated 6-Feb-2020,R3
841147b86cd9bc70,67,Arcadia Circuit,3960,YANAKIE,VIC,Business,Updated 6-Feb-2020,R3
89a1a9666c9b701b,4,Hinton Road,4060,ASHGROVE,QLD,Business,Updated 6-Feb-2020,R1
8ab531ddedc314be,3,DE BURGH STREET,4078,FOREST LAKE,QLD,Business,Updated 4-Dec-2022,R2
8edc2e5b5188471d,2,Walmsley Street,4102,PRINCESS ALEXANDRA HOSPITAL,QLD,Business,Updated 6-Feb-2020,R1
906f16a69ee6d7c7,6,PONTIFEX STREET,4108,ARCHERFIELD BC,QLD,Business,Updated 6-Feb-2020,R1
970a91522f244324,4,BIRREGURRA-FORREST ROAD,4110,ACACIA RIDGE DC,QLD,Business,Updated 6-Feb-2020,R1
9845ae489d1804ba,55,PARK STREET,4212,BOYKAMBIL,QLD,Business,Updated 6-Feb-2020,R2
9b623ed9c7788470,174,GRAZIER LANE,4217,BENOWA,QLD,Business,Updated 6-Feb-2020,R2
9eaec76c9b561d3b,23,CALABY STREET,4218,RIO VISTA,QLD,Business,Updated 6-Feb-2020,R2
a4d189f25f874361,3,SLADEN STREET,4270,TAMBORINE,QLD,Business,Updated 6-Feb-2020,R2
a760524d883f40c0,120,ELOUERA STREET,4285,WOODHILL,QLD,Business,Updated 6-Feb-2020,R3
a839d8330eecb1c0,142,Dubai Circuit,4370,MORGAN PARK,QLD,Business,Updated 6-Feb-2020,R3
b1377025b97c7c2e,11/179,FISHER STREET,4401,ROSALIE PLAINS,QLD,Private,Updated 4-Dec-2022,R3
b2e423f957e07744,13,ARCHIBALD STREET,4415,COLUMBOOLA,QLD,Business,Updated 6-Feb-2020,R3
b60a9531bdae5c1f,5/19,Scotia Street,4427,YULEBA SOUTH,QLD,Private,Updated 6-Feb-2020,R3
b83ece6a6bc5412c,6,ATHLLON DRIVE,4620,ARAMARA,QLD,Business,Updated 6-Feb-2020,R3
ba1c793c432d4c24,73,EYRE STREET,4626,DERRI DERRA,QLD,Business,Updated 6-Feb-2020,R3
bdbc1f37b6463270,207,Beach Road,4626,MONOGORILBY,QLD,Business,Updated 6-Feb-2020,R3
c21d37e940ee37f2,134,VINEYARD HAVEN PARADE EAST,4630,VENTNOR,QLD,Business,Updated 6-Feb-2020,R3
c2b43f86b20be80b,2502,Parkside Circuit,4850,VALLEY OF LAGOONS,QLD,Business,Updated 6-Feb-2020,R3
c4a281ae69e9a79b,420,Graham Collins Drive,4860,NERADA,QLD,Business,Updated 6-Feb-2020,R3
c6f4e7508bff3d21,49,EDMONDSON STREET,4870,BARRON GORGE,QLD,Business,Updated 6-Feb-2020,R3
c747fd087eed23ba,UNIT 4,EDWARD COURT,4871,UTCHEE CREEK,QLD,Business,Updated 3-Dec-2022,R3
c8be515a5b4c685a,104,Parnell Road,4871,SANDY POCKET,QLD,Business,Updated 3-Dec-2022,R3
c9248352f1df57dd,7,Waipa Street,4872,MYOLA,QLD,Business,Updated 6-Feb-2020,R3
caa59d98ec9c8114,233,GRAZIER LANE,5157,CHERRY GARDENS,SA,Business,Updated 6-Feb-2020,R2
cd482988e35b15e6,208,Parnell Road,5172,HOPE FOREST,SA,Business,Updated 4-Dec-2022,R3
ce4ead053bfb0ff8,64,EYRE STREET,5223,VIVONNE BAY,SA,Business,Updated 4-Dec-2022,R3
d06512145ec23893,161,WEST ROW,5256,POINT STURT,SA,Business,Updated 4-Dec-2022,R3
d7e339d4335dbdab,10,Alma Road,5320,WESTONS FLAT,SA,Business,Updated 4-Dec-2022,R3
dc647a7a89fd5756,2,Meadowville Avenue,5320,MAUDE,SA,Business,Updated 4-Dec-2022,R3
de31d370e4602111,202,Parnell Road,5381,EMU DOWNS,SA,Private,Updated 4-Dec-2022,R3
de9477fb72398520,5,Dinglebank Road,6076,LESMURDIE,WA,Business,Updated 6-Feb-2020,R2
df26a8bfaca4040c,137,ANZAC PARK,6123,MUNDIJONG,WA,Business,Updated 6-Feb-2020,R2
e774e98d5f2481d0,203,GRAZIER LANE,6125,MARDELLA,WA,Business,Updated 6-Feb-2020,R2
e825544dcca0bd80,2,Genoa Circuit,6210,SAN REMO,WA,Business,Updated 6-Feb-2020,R2
e945f3e42e21925c,2106,Parkside Circuit,6284,GRACETOWN,WA,Business,Updated 6-Feb-2020,R3
ece22fa5b9e06f5b,UNIT 50,COLLINS STREET,7109,HUONVILLE,TAS,Private,Updated 6-Feb-2020,R2
ece22fa5b9e06f5b,8,Patterson Street,6317,SOUTH GLENCOE,WA,Business,Updated 6-Feb-2020,R3
ee5f566f0cc49c83,2,Dowling Place,7162,BIRCHS BAY,TAS,Business,Updated 6-Feb-2020,R3
eebea6f1886dae3a,3,Preston Avenue,7264,SOUTH MOUNT CAMERON,TAS,Business,Updated 4-Dec-2022,R3
f365deb3be672c5a,4,Ruskin Street,7268,LILYDALE,TAS,Business,Updated 4-Dec-2022,R3
f5c91f69cfa0aa16,53,IRVING STREET,3494,CARWARP,VIC,Business,Updated 6-Feb-2020,R3
f6265520017f8218,13,Alma Road,3496,NEDS CORNER,VIC,Private,Updated 6-Feb-2020,R3
f6473bc6058b0202,15,Waipa Street,3523,MOUNT CAMEL,VIC,Business,Updated 6-Feb-2020,R3
f6decc956a4f537b,41,STATE CIRCLE,2866,WARNECLIFFE,NSW,Business,Updated 6-Feb-2020,R3
fbb3b45550c2d820,UNIT 2,MEANDER VALLEY ROAD,2876,GUNNING GAP,NSW,Business,Updated 6-Feb-2020,R3
fd5c03294e362b60,56,Vistula Circuit,2878,BEILPAJAH,NSW,Business,Updated 6-Feb-2020,R3
fdf443e82bf2743b,UNIT 4,RAYNORS ROAD,4025,CAPE MORETON,QLD,Business,Updated 4-Dec-2022,R2
fe1b0bbe04132ac7,5,Congo Circuit,4051,ENOGGERA,QLD,Business,Updated 6-Feb-2020,R1
