"StateCode","CategoryID","CategoryName","UnitsSold","Revenue","Position"
"ACT","PC_2","Toys & Games ","255","9086.9040","1"
"ACT","PC_3","Clothing, Shoes & Jewelry ","42","2804.4020","2"
"ACT","PC_1","Home & Kitchen ","27","625.7590","3"
"ACT","PC_5","Sports & Outdoors ","14","233.1280","4"
"ACT","PC_16","Industrial & Scientific ","9","198.9360","5"
"NSW","PC_2","Toys & Games ","24667","1124009.6842","1"
"NSW","PC_3","Clothing, Shoes & Jewelry ","2576","154621.5617","2"
"NSW","PC_5","Sports & Outdoors ","2274","97375.1941","3"
"NSW","PC_1","Home & Kitchen ","2173","109655.6051","4"
"NSW","PC_6","Baby Products ","714","33849.7350","5"
"NT","PC_2","Toys & Games ","1713","89707.0229","1"
"NT","PC_5","Sports & Outdoors ","203","23764.4917","2"
"NT","PC_1","Home & Kitchen ","165","5022.2180","3"
"NT","PC_3","Clothing, Shoes & Jewelry ","159","9608.4869","4"
"NT","PC_8","Arts, Crafts & Sewing ","60","1970.2300","5"
"QLD","PC_2","Toys & Games ","17836","817222.9517","1"
"QLD","PC_3","Clothing, Shoes & Jewelry ","1991","95906.2014","2"
"QLD","PC_1","Home & Kitchen ","1770","86468.7981","3"
"QLD","PC_5","Sports & Outdoors ","1742","97912.2998","4"
"QLD","PC_6","Baby Products ","541","16806.2330","5"
"SA","PC_2","Toys & Games ","10573","512762.4318","1"
"SA","PC_3","Clothing, Shoes & Jewelry ","1197","45346.2389","2"
"SA","PC_5","Sports & Outdoors ","971","31541.7730","3"
"SA","PC_1","Home & Kitchen ","876","35836.8710","4"
"SA","PC_6","Baby Products ","299","11929.8509","5"
"TAS","PC_2","Toys & Games ","2832","149979.0321","1"
"TAS","PC_1","Home & Kitchen ","307","11084.2890","2"
"TAS","PC_3","Clothing, Shoes & Jewelry ","303","12907.0011","3"
"TAS","PC_5","Sports & Outdoors ","261","11922.1650","4"
"TAS","PC_6","Baby Products ","80","2943.4880","5"
"VIC","PC_2","Toys & Games ","17914","795259.7659","1"
"VIC","PC_3","Clothing, Shoes & Jewelry ","1852","71695.5963","2"
"VIC","PC_5","Sports & Outdoors ","1646","94419.8312","3"
"VIC","PC_1","Home & Kitchen ","1493","62915.0201","4"
"VIC","PC_6","Baby Products ","550","26571.3142","5"
"WA","PC_2","Toys & Games ","7390","340580.7825","1"
"WA","PC_3","Clothing, Shoes & Jewelry ","717","32540.8511","2"
"WA","PC_1","Home & Kitchen ","707","40109.1936","3"
"WA","PC_5","Sports & Outdoors ","595","31863.7297","4"
"WA","PC_6","Baby Products ","229","8365.7820","5"
